Name,Position,Pro Bowl Years,College,Path,Playing Years
Davante Adams,WR,"2017,2018,2019,2020,2021,2022",Fresno State,GB > LV > NYJ > LAR,2014–
Joseph Addai,RB,2007,LSU,IND,2006–2011
Troy Aikman,QB,"1991,1992,1993,1994,1995,1996",UCLA,DAL,1989–2000
Jay Ajayi,RB,2016,Boise State,MIA > PHI,2015–2019
Shaun Alexander,RB,"2003,2004,2005",Alabama,SEA > WAS,2000–2008
Stephen Alexander,TE,2000,Oklahoma,WAS > SD > DET > DEN,1998–2007
Josh Allen,QB,"2020,2021,2022,2024",Wyoming,BUF,2018–
Keenan Allen,WR,"2017,2018,2019,2020,2021,2023",Cal,LAC > CHI > LAC,2013–
Marcus Allen,RB,1993,Southern Cal,OAK > KC,1982–1997
Terry Allen,RB,1996,Clemson,MIN > WAS > NE > NO > BAL,1990–2001
Mike Alstott,FB,"1997,1998,1999,2000,2001,2002",Purdue,TB,1996–2006
C.J. Anderson,RB,2014,Cal,DEN > CAR > OAK > LAR > DET,2013–2019
Derek Anderson,QB,2007,Oregon State,BAL > CLE > ARI > CAR > BUF,2005–2018
Jamal Anderson,RB,1998,Utah,ATL,1994–2001
Neal Anderson,RB,"1990,1991",Florida,CHI,1986–1993
Robby Anderson,WR,2020,Temple,NYJ > CAR > ARI > MIA > WAS,2016–
Mark Andrews,TE,"2019,2021,2022",Oklahoma,BAL,2018–
Miles Austin,WR,"2009,2010",Monmouth,DAL > CLE > PHI,2006–2015
Johnny Bailey,RB,1992,Texas A&M-Kingsville,CHI > PHX > LAR,1990–1995
Doug Baldwin,WR,"2016,2017",Stanford,SEA,2011–2018
Marion Barber III,RB,2007,Minnesota,DAL > CHI,2005–2011
Tiki Barber,RB,"2004,2005,2006",Virginia,NYG,1997–2006
Saquon Barkley,RB,"2018,2022,2024",Penn State,NYG > PHI,2018–
Fred Barnett,WR,1992,Arkansas State,PHI > MIA,1990–1997
Gary Barnidge,TE,2015,Louisville,CAR > CLE,2008–2016
Fred Beasley,FB,2003,Auburn,SF > MIA,1998–2005
Odell Beckham Jr.,WR,"2014,2015,2016",LSU,NYG > CLE > LAR > BAL > MIA,2014–
Le'Veon Bell,RB,"2014,2016,2017",Michigan State,PIT > NYJ > KC > BAL > TB,2013–2021
Jerome Bettis,RB,"1993,1994,1996,1997,2001,2004",Notre Dame,LAR > PIT,1993–2005
Drew Bledsoe,QB,"1994,1996,1997,2002",Washington State,NE > BUF > DAL,1993–2006
Anquan Boldin,WR,"2003,2006,2008",Florida State,ARI > BAL > SF > DET,2003–2016
Dwayne Bowe,WR,2010,LSU,KC > CLE,2007–2015
Tom Brady,QB,"2001,2004,2005,2007,2009–2018,2021",Michigan,NE > TB,2000–2022
Drew Brees,QB,"2004,2006,2008–2014,2016–2019",Purdue,SD > NO,2001–2020
Teddy Bridgewater,QB,2015,Louisville,MIN > NO > CAR > DEN > MIA > DET,2014–2023
Bubby Brister,QB,1990,Northeast Louisiana,PIT > PHI > NYJ > DEN > MIN,1986–2000
A.J. Brown,WR,"2020,2022,2023",Ole Miss,TEN > PHI,2019–
Antonio Brown,WR,"2011,2013,2014,2015,2016,2017,2018",Central Michigan,PIT > NE > TB,2010–2021
Bill Brooks,WR,1995,Boston University,IND > BUF > WAS,1986–1996
Ronnie Brown,RB,2008,Auburn,MIA > PHI > SD > HOU,2005–2014
Tim Brown,WR,"1991,1993,1994,1995,1996,1997,1999–2001",Notre Dame,OAK > TB,1988–2004
Isaac Bruce,WR,"1996,1999,2000,2001",Memphis,LAR > SF,1994–2009
Mark Brunell,QB,"1996,1997,1999",Washington,GB > JAX > WAS > NO > NYJ,1993–2011
Dez Bryant,WR,"2013,2014,2016",Oklahoma State,DAL > BAL,2010–2020
Joe Burrow,QB,2022,LSU,CIN,2020–
Marion Butts,RB,"1990,1991",Florida State,SD > NE > HOU,1989–1995
Keith Byars,FB/RB,1993,Ohio State,PHI > MIA > NE > NYJ,1986–1998
Earnest Byner,RB,"1990,1991",East Carolina,CLE > WAS,1984–1997
Mark Campbell,TE,2004,Michigan,CLE > BUF > NO,1999–2008
Cris Carter,WR,"1993,1994,1995,1996,1997,1998,1999,2000",Ohio State,PHI > MIN > MIA,1987–2002
Matt Cassel,QB,2010,Southern Cal,NE > KC > MIN > BUF > TEN > DET,2005–2018
Chris Chandler,QB,"1997,1998",Washington,IND > TB > PHX > LAR > HOU > ATL > CHI > STL,1988–2004
Ja'Marr Chase,WR,"2021,2022,2023,2024",LSU,CIN,2021–
Nick Chubb,RB,"2019,2020,2021,2022",Georgia,CLE,2018–
Dallas Clark,TE,2009,Iowa,IND > TB > BAL,2003–2013
Gary Clark,WR,"1990,1991",James Madison,WAS > PHX > MIA,1985–1995
Randall Cobb,WR,2014,Kentucky,GB > DAL > HOU > NYJ,2011–2023
Ben Coates,TE,"1994,1995,1996,1997,1998",Livingstone (NC),NE > BAL,1991–2000
Austin Collie,WR,2010,BYU,IND > NE,2009–2013
James Conner,RB,"2018,2021",Pittsburgh,PIT > ARI,2017–
Dalvin Cook,RB,"2019,2020,2021,2022",Florida State,MIN > NYJ > BAL > DAL,2017–
Jared Cook,TE,"2018,2019",South Carolina,TEN > STL > GB > OAK > NO > LAC,2009–2021
Amari Cooper,WR,"2015,2016,2018,2019,2023",Alabama,OAK > DAL > CLE > BUF,2015–
Kirk Cousins,QB,"2016,2019,2021,2022,2024",Michigan State,WAS > MIN > ATL,2012–
Alge Crumpler,TE,"2003,2004,2005,2006",North Carolina,ATL > TEN > NE,2001–2010
Daunte Culpepper,QB,"2000,2003,2004",UCF,MIN > MIA > OAK > DET,1999–2009
Randall Cunningham,QB,"1990,1998",UNLV,PHI > MIN > DAL > BAL,1985–2001
Jay Cutler,QB,2008,Vanderbilt,DEN > CHI > MIA,2006–2017
Randy Cuthbert,RB,1993,Duke,PIT,1992–1994
Andy Dalton,QB,"2011,2014,2016",TCU,CIN > DAL > CHI > NO > CAR,2011–
Jayden Daniels,QB,2024,LSU,WAS,2024–
Owen Daniels,TE,"2008,2012",Wisconsin,HOU > BAL > DEN,2006–2015
Sam Darnold,QB,2024,USC,NYJ > CAR > SF > MIN > SEA,2018–
Corey Davis,WR,2020,Central Michigan,TEN > NYJ,2017–2022
Stephen Davis,RB,"1999,2000,2003",Auburn,WAS > CAR > STL,1996–2006
Terrell Davis,RB,"1996,1997,1998",Georgia,DEN,1995–2001
Vernon Davis,TE,"2009,2013",Auburn,SF > DEN > WAS,2006–2019
Gabe Davis,WR,2022,UCF,BUF > JAX,2020–
Jake Delhomme,QB,2005,SW Louisiana,NO > CAR > CLE > HOU,1997–2011
Eric Dickerson,RB,1990,SMU,LAR > IND > LAC > ATL,1983–1993
Stefon Diggs,WR,"2020,2021,2022,2023",Maryland,MIN > BUF > HOU,2015–
A.J. Dillon,RB,2021,Boston College,GB,2020–
Corey Dillon,RB,"1999,2000,2001",Washington,CIN > NE,1997–2006
Jack Doyle,TE,"2017,2019",W. Kentucky,IND,2013–2021
Donald Driver,WR,"2002,2006,2007",Alcorn State,GB,1999–2012
Warrick Dunn,RB,"1997,2000,2005",Florida State,TB > ATL,1997–2008
Eric Ebron,TE,2018,North Carolina,DET > IND > PIT,2014–2021
Julian Edelman,WR,2016,Kent State,NE,2009–2020
Braylon Edwards,WR,2007,Michigan,CLE > NYJ > SF > SEA,2005–2012
Robert Edwards,RB,1998,Georgia,NE > MIA,1998–2002
Clyde Edwards-Helaire,RB,2020,LSU,KC,2020–
Austin Ekeler,RB,2021,W. Colorado,LAC > WAS,2017–
Henry Ellard,WR,"1990,1991",Fresno State,LAR > WAS > NE,1983–1998
Ezekiel Elliott,RB,"2016,2018,2019",Ohio State,DAL > NE,2016–
John Elway,QB,"1991,1993,1994,1996,1997,1998",Stanford,DEN,1983–1998
Evan Engram,TE,"2020,2023",Ole Miss,NYG > JAX,2017–
Zach Ertz,TE,"2017,2018,2019",Stanford,PHI > ARI > WAS,2013–
Boomer Esiason,QB,1993,Maryland,CIN > NYJ > ARI,1984–1997
Mike Evans,WR,"2016,2018,2019,2021,2023,2024",Texas A&M,TB,2014–
Derrick Faison,WR,1990,Howard,LAR,1990–1991
Marshall Faulk,RB,"1994,1995,1998,1999,2000,2001,2002",San Diego State,IND > LAR,1994–2005
Christian Fauria,TE,2002,Colorado,SEA > NE > WAS > CAR,1995–2007
Brett Favre,QB,"1992,1993,1995,1996,1997,2001–2003,2007–2009",Southern Miss,ATL > GB > NYJ > MIN,1991–2010
Derrick Fenner,RB,1990,North Carolina,SEA > CIN > OAK,1989–1997
Jake Ferguson,TE,2023,Wisconsin,DAL,2022–
Justin Fields,QB,2024,Ohio State,CHI > PIT,2021–
Larry Fitzgerald,WR,"2005,2007–2013,2015–2017",Pittsburgh,ARI,2004–2020
Joe Flacco,QB,2014,Delaware,BAL > DEN > NYJ > CLE > IND,2008–
Terrence Flagler,RB,1990,Clemson,SF > PHX,1987–1991
Zay Flowers,WR,2024,Boston College,BAL,2023–
D'Onta Foreman,RB,2022,Texas,HOU > TEN > CAR > CHI > CLE,2017–
Justin Forsett,RB,2014,Cal,SEA > IND > HOU > JAX > BAL > DET > DEN,2008–2016
Arian Foster,RB,"2010,2011,2012,2014",Tennessee,HOU > MIA,2009–2016
DeShaun Foster,RB,2005,UCLA,CAR > SF,2002–2008
Devonta Freeman,RB,"2015,2016",Florida State,ATL > NYG > BAL,2014–2021
Josh Freeman,QB,2010,Kansas State,TB > MIN > IND,2009–2015
Brent Fullwood,RB,1990,Auburn,GB > CLE,1987–1990
Joey Galloway,WR,"1995,1997,1998,2005",Ohio State,SEA > DAL > TB > NE > WAS,1995–2010
Rich Gannon,QB,"1999,2000,2001,2002",Delaware,MIN > WAS > KC > OAK,1987–2004
Jeff Garcia,QB,"2000,2001,2002,2007",San Jose State,SF > CLE > DET > PHI > TB,1999–2011
Charlie Garner,RB,2000,Tennessee,PHI > SF > OAK > TB,1994–2004
David Garrard,QB,2009,East Carolina,JAX,2002–2010
Jason Garrett,QB,1993,Princeton,DAL > NYG,1993–2004
Sam Gash,FB,"1998,1999",Penn State,NE > BUF > BAL,1992–2003
Antonio Gates,TE,"2004,2005,2006,2007,2008,2009,2010,2011",Kent State,LAC,2003–2018
Eddie George,RB,"1997,1998,1999,2000",Ohio State,TEN > DAL,1996–2004
Jahmyr Gibbs,RB,"2023,2024",Alabama,DET,2023–
Ernest Givins,WR,"1990,1992",Louisville,HOU > JAX,1986–1995
Terry Glenn,WR,1999,Ohio State,NE > GB > DAL,1996–2007
Chris Godwin,WR,"2019,2024",Penn State,TB,2017–
Dallas Goedert,TE,2024,South Dakota State,PHI,2018–
Jared Goff,QB,"2017,2018,2022,2023,2024",Cal,LAR > DET,2016–
Tony Gonzalez,TE,"1999–2008,2010–2013",Cal,KC > ATL,1997–2013
Melvin Gordon,RB,"2016,2018",Wisconsin,LAC > DEN > KC > BAL,2015–
Frank Gore,RB,"2006,2009,2011,2012,2013",Miami,SF > IND > MIA > BUF > NYJ,2005–2020
Jimmy Graham,TE,"2011,2012,2013,2014,2017",Miami,NO > SEA > GB > CHI,2010–2023
A.J. Green,WR,"2011,2012,2013,2014,2015,2016,2017",Georgia,CIN > ARI,1990–1999
Eric Green,TE,"1993,1994",Liberty,PIT > MIA > BAL > NYJ,1990–1999
Trent Green,QB,"2003,2005",Indiana,WAS > STL > KC > MIA,1997–2008
Jermaine Gresham,TE,"2011,2012",Oklahoma,CIN > ARI,2010–2018
Rob Gronkowski,TE,"2011,2012,2014,2015,2017",Arizona,NE > TB,2010–2021
Todd Gurley,RB,"2015,2017,2018",Georgia,LAR > ATL,2015–2020
Breece Hall,RB,2024,Iowa State,NYJ,2022–
Dante Hall,WR/RS,"2002,2003",Texas A&M,KC > STL,2000–2008
C.J. Ham,FB,"2019,2023",Augustana (SD),MIN,2017–
Jim Harbaugh,QB,1995,Michigan,CHI > IND > BAL > SD,1987–2000
James Hardy,WR,2008,Indiana,BUF,2008–2010
Alvin Harper,WR,1993,Tennessee,DAL > TB > WAS,1991–1999
Dwayne Harper,WR,1994,South Carolina State,SEA > SD > DET,1988–1999
Marvin Harrison,WR,"1999,2000,2001,2002,2003,2004,2005,2006",Syracuse,IND,1996–2008
Marvin Harrison Jr.,WR,2024,Ohio State,ARI,2024–
Jerome Harrison,RB,2009,Washington State,CLE > PHI > DET,2006–2011
Matt Hasselbeck,QB,"2003,2005,2007",Boston College,GB > SEA > TEN > IND,1999–2015
Joey Haynos,TE,2009,Maryland,MIA,2008–2010
Todd Heap,TE,"2002,2003",Arizona State,BAL > ARI,2001–2012
Derrick Henry,RB,"2019,2020,2022,2023,2024",Alabama,TEN > BAL,2016–
Hunter Henry,TE,2021,Arkansas,LAC > NE,2016–
Devin Hester,WR/RS,"2006,2007,2010,2014",Miami,CHI > ATL > BAL,2006–2016
Tyreek Hill,WR,2016–2024,West Alabama,KC > MIA,2016–
Peyton Hillis,RB,2010,Arkansas,DEN > CLE > KC > NYG,2008–2014
T.J. Hockenson,TE,"2020,2022",Iowa,DET > MIN,2019–
T.Y. Hilton,WR,"2014,2015,2016,2017",Florida International,IND > DAL,2012–2022
Priest Holmes,RB,"2001,2002,2003",Texas,BAL > KC,1997–2007
Torry Holt,WR,"2000,2001,2003,2004,2005,2006,2007",NC State,LAR > JAX,1999–2009
Austin Hooper,TE,"2018,2019",Stanford,ATL > CLE > TEN > LV > NE,2016–
DeAndre Hopkins,WR,"2015,2017–2020",Clemson,HOU > ARI > TEN > KC,2013–
Joe Horn,WR,"2000,2001,2002,2004",Itawamba (MS),KC > NO > ATL,1996–2007
Jordan Howard,RB,2016,Indiana,CHI > PHI > MIA,2016–2021
Akeem Hunt,RB,2017,Purdue,HOU > KC,2015–2018
Kareem Hunt,RB,2017,Toledo,KC > CLE,2017–
Jalen Hurts,QB,"2022,2023,2024",Oklahoma,PHI,2020–
Tyler Huntley,QB,2022,Utah,BAL > CLE > MIA,2020–
Bobby Hebert,QB,1993,NW State (LA),NO > ATL,1985–1996
Tee Higgins,WR,2021,Clemson,CIN,2020–
T.J. Houshmandzadeh,WR,2007,Oregon State,CIN > SEA > BAL > OAK,2001–2011
Rodney Hampton,RB,"1992,1993",Georgia,NYG,1990–1997
Garrison Hearst,RB,"1998,2001",Georgia,PHX > CIN > SF > DEN,1993–2004
Bobby Humphrey,RB,1990,Alabama,DEN > MIA,1989–1993
Rodney Holman,TE,1990,Tulane,CIN > DET,1982–1995
Mark Ingram II,RB,"2014,2017,2019",Alabama,NO > BAL > HOU,2011–2022
Michael Irvin,WR,"1991,1992,1993,1994,1995",Miami,DAL,1988–1999
Chris Ivory,RB,2015,Tiffin,NO > NYJ > JAX > BUF,2010–2018
DeSean Jackson,WR,"2009,2010,2013",Cal,PHI > WAS > TB > LAR > LV > BAL,2008–2022
Keith Jackson,TE,"1990,1992",Oklahoma,PHI > MIA > GB,1988–1996
Lamar Jackson,QB,"2019,2021,2023,2024",Louisville,BAL,2018–
Steven Jackson,RB,"2006,2009,2010",Oregon State,LAR > ATL > NE,2004–2015
Vincent Jackson,WR,"2009,2011,2012",N. Colorado,LAC > TB,2005–2016
Edgerrin James,RB,"1999,2000,2004,2005",Miami,IND > ARI > SEA,1999–2009
Justin Jefferson,WR,"2020,2021,2022,2023",LSU,MIN,2020–
Alshon Jeffery,WR,2013,South Carolina,CHI > PHI,2012–2020
Haywood Jeffires,WR,"1991,1992,1993",NC State,HOU > NO,1987–1996
Greg Jennings,WR,"2010,2011",W. Michigan,GB > MIN > MIA,2006–2015
Andre Johnson,WR,"2004,2006,2008–2010,2012,2013",Miami,HOU > IND > TEN,2003–2016
Calvin Johnson,WR,"2010,2011,2012,2013,2014,2015",Georgia Tech,DET,2007–2015
Chad Johnson,WR,"2003–2007,2009",Oregon State,CIN > NE,2001–2011
Chris Johnson,RB,"2008,2009,2010",East Carolina,TEN > NYJ > ARI,2008–2017
Diontae Johnson,WR,2021,Toledo,PIT > CAR > BAL,2019–
Johnny Johnson,RB,1990,San Jose State,PHX > NYJ > SF,1990–1994
Keyshawn Johnson,WR,"1998,1999,2001",Southern Cal,NYJ > TB > DAL > CAR,1996–2006
Larry Johnson,RB,"2005,2006",Penn State,KC > CIN > WAS > MIA,2003–2011
Aaron Jones,RB,2020,UTEP,GB > MIN,2017–
Brent Jones,TE,"1992,1993,1994,1995",Santa Clara,SF,1987–1997
James Jones,WR,2012,San Jose State,GB > OAK,2007–2015
Julio Jones,WR,"2012,2014–2019",Alabama,ATL > TEN > TB > PHI,2011–2023
Mac Jones,QB,2021,Alabama,NE > JAX,2021–
Thomas Jones,RB,2008,Virginia,ARI > CHI > NYJ > KC,2000–2011
Kyle Juszczyk,FB,2016–2024,Harvard,BAL > SF,2013–
Alvin Kamara,RB,"2017,2018,2019,2020,2021",Tennessee,NO,2017–
Travis Kelce,TE,2015–2024,Cincinnati,KC,2013–
Jim Kelly,QB,"1990,1991,1992",Miami,BUF,1986–1996
George Kittle,TE,"2018,2019,2021,2022,2023",Iowa,SF,2017–
Cooper Kupp,WR,2021,E. Washington,LAR > SEA,2017–
Eddie Lacy,RB,2013,Alabama,GB > SEA,2013–2017
CeeDee Lamb,WR,"2021,2022,2023,2024",Oklahoma,DAL,2020–
Jarvis Landry,WR,"2015,2016,2017,2018,2019",LSU,MIA > CLE > NO,2014–2022
James Lofton,WR,1991,Stanford,GB > LAR > BUF > PHI,1978–1993
Tyler Lockett,WR,"2015,2017",Kansas State,SEA,2015–
Andrew Luck,QB,"2012,2013,2014,2018",Stanford,IND,2012–2018
Marshawn Lynch,RB,"2008,2011,2012,2013,2014",Cal,BUF > SEA > OAK,2007–2019
Patrick Mahomes,QB,2018–2024,Texas Tech,KC,2017–
Eli Manning,QB,"2008,2011,2012,2015",Ole Miss,NYG,2004–2019
Peyton Manning,QB,"1999,2000,2002–2010,2012,2013,2014",Tennessee,IND > DEN,1998–2015
Dan Marino,QB,"1991,1992,1994,1995",Pittsburgh,MIA,1983–1999
Brandon Marshall,WR,"2008,2009,2011,2012,2013,2015",UCF,DEN > MIA > CHI > NYJ > NYG > SEA,2006–2018
Curtis Martin,RB,"1995,1996,1997,1999,2004",Pittsburgh,NE > NYJ,1995–2005
Doug Martin,RB,"2012,2015",Boise State,TB > OAK,2012–2018
Baker Mayfield,QB,2023,Oklahoma,CLE > CAR > LAR > TB,2018–
Christian McCaffrey,RB,"2019,2022,2023,2024",Stanford,CAR > SF,2017–
LeSean McCoy,RB,"2011,2013–2017",Pittsburgh,PHI > BUF > KC > TB,2009–2020
Terry McLaurin,WR,2022,Ohio State,WAS,2019–
Donovan McNabb,QB,"2000,2001,2002,2003,2004,2009",Syracuse,PHI > WAS > MIN,1999–2011
Steve McNair,QB,"2000,2003,2005",Alcorn State,TEN > BAL,1995–2007
DK Metcalf,WR,"2020,2023",Ole Miss,SEA,2019–
Eric Metcalf,RB/WR,"1993,1994,1997",Texas,CLE > ATL > SD > ARI > CAR > WAS,1989–2002
Heath Miller,TE,"2009,2012",Virginia,PIT,2005–2015
Lamar Miller,RB,2018,Miami,MIA > HOU > CHI,2012–2020
Scott Mitchell,QB,1995,Utah,MIA > DET > BAL > CIN,1990–2001
Joe Montana,QB,"1990,1993",Notre Dame,SF > KC,1979–1994
Warren Moon,QB,"1990–1995,1997",Washington,HOU > MIN > SEA > KC,1984–2000
Herman Moore,WR,"1994,1995,1996,1997",Virginia,DET > NYG,1991–2002
Raheem Mostert,RB,2023,Purdue,CLE > CHI > SF > MIA,2015–
Randy Moss,WR,"1998–2000,2002,2003,2007",Marshall,MIN > OAK > NE > TEN > SF,1998–2012
Santana Moss,WR,2005,Miami,NYJ > WAS,2001–2014
Kyler Murray,QB,"2020,2021",Oklahoma,ARI,2019–
Latavius Murray,RB,2015,UCF,OAK > MIN > NO > BAL > DEN > BUF,2013–
Puka Nacua,WR,2023,BYU,LAR,2023–
Jordy Nelson,WR,2014,Kansas State,GB > OAK,2008–2018
Cam Newton,QB,"2011,2013,2015",Auburn,CAR > NE,2011–2021
David Njoku,TE,2023,Miami,CLE,2017–
Jay Novacek,TE,"1991,1992,1993,1994,1995",Wyoming,PHX > DAL,1985–1996
Christian Okoye,FB/RB,1991,Azusa Pacific,KC,1987–1992
Greg Olsen,TE,"2014,2015,2016",Miami,CHI > CAR > SEA,2007–2020
Terrell Owens,WR,"2000,2001,2002,2003,2004,2007",UT-Chattanooga,SF > PHI > DAL > BUF > CIN,1996–2010
Carson Palmer,QB,"2005,2006,2015",Southern Cal,CIN > OAK > ARI,2003–2017
DeVante Parker,WR,2019,Louisville,MIA > NE,2015–2023
Cordarrelle Patterson,WR/RB,"2013,2016,2019,2020",Tennessee,MIN > OAK > NE > CHI > ATL > PIT,2013–
Adrian Peterson,RB,"2007–2010,2012,2013,2015",Oklahoma,MIN > NO > ARI > WAS > DET > TEN > SEA,2007–2021
Carl Pickens,WR,"1995,1996",Tennessee,CIN > TEN,1992–2000
George Pickens,WR,2023,Georgia,PIT,2022–
Kyle Pitts,TE,2021,Florida,ATL,2021–
Clinton Portis,RB,"2003,2008",Miami,DEN > WAS,2002–2010
Dak Prescott,QB,"2016,2018,2023",Mississippi State,DAL,2016–
Brock Purdy,QB,2023,Iowa State,SF,2022–
Antwaan Randle El,WR,2005,Indiana,PIT > WAS,2002–2010
Andre Reed,WR,"1990,1991,1992,1993,1994",Kutztown (PA),BUF > WAS,1985–2000
Jordan Reed,TE,2016,Florida,WAS > SF,2013–2020
Hunter Renfrow,WR,2021,Clemson,LV,2019–2023
Jerry Rice,WR,"1990–1996,1998,2002",Miss. Valley State,SF > OAK > SEA,1985–2004
Ray Rice,RB,"2009,2011,2012",Rutgers,BAL,2008–2013
Sidney Rice,WR,2009,South Carolina,MIN > SEA,2007–2013
Tony Richardson,FB,"2003,2004,2007",Auburn,KC > MIN > NYJ,1995–2010
Philip Rivers,QB,"2006,2009,2010,2011,2013,2016,2017,2018",NC State,LAC > IND,2004–2020
Allen Robinson,WR,2015,Penn State,JAX > CHI > LAR > PIT,2014–
Bijan Robinson,RB,2024,Texas,ATL,2023–
Aaron Rodgers,QB,"2009,2011,2012,2014,2015,2016,2018–2021",Cal,GB > NYJ > PIT,2005–
Ben Roethlisberger,QB,"2007,2011,2014,2015,2016,2017",Miami Ohio,PIT,2004–2021
Tony Romo,QB,"2006,2007,2009,2014",Eastern Illinois,DAL,2003–2016
Kyle Rudolph,TE,"2012,2017",Notre Dame,MIN > NYG > TB,2011–2022
Mark Rypien,QB,1991,Washington State,WAS > CLE > STL > PHI,1986–2001
Rashaan Salaam,RB,1995,Colorado,CHI > CLE,1995–1999
Mohamed Sanu,WR,2017,Rutgers,CIN > ATL > NE > SF > DET,2012–2022
Barry Sanders,RB,"1990,1991,1992,1993,1994,1995,1996,1997,1998",Oklahoma State,DET,1989–1998
Deion Sanders,WR/CB,"1990–1994,1996–1999",Florida State,ATL > SF > DAL > WAS > BAL,1989–2005
Emmanuel Sanders,WR,"2014,2016",SMU,PIT > DEN > SF > NO > BUF,2010–2021
Frank Sanders,WR,1998,Auburn,ARI > BAL,1995–2003
Miles Sanders,RB,2022,Penn State,PHI > CAR,2019–
Ricky Sanders,WR,1990,SW Texas State,WAS > ATL,1986–1995
Curtis Samuel,WR,2020,Ohio State,CAR > WAS > BUF,2017–
Deebo Samuel,WR,"2021,2023",South Carolina,SF,2019–
Mark Sanchez,QB,2010,Southern Cal,NYJ > PHI > DAL > WAS,2009–2018
Matt Schaub,QB,"2009,2012",Virginia,ATL > HOU > OAK > BAL,2004–2020
Jeremy Shockey,TE,"2002,2003,2005,2006",Miami,NYG > NO > CAR,2002–2011
Shannon Sharpe,TE,"1992–1998,2001",Savannah State,DEN > BAL,1990–2003
Sterling Sharpe,WR,"1990,1992,1993,1994",South Carolina,GB,1988–1994
Tony Scheffler,TE,2008,W. Michigan,DEN > DET,2006–2013
Alex Smith,QB,"2013,2016,2017",Utah,SF > KC > WAS,2005–2020
Emmitt Smith,RB,"1990–1995,1998,1999",Florida,DAL > ARI,1990–2004
Geno Smith,QB,"2022,2023",West Virginia,NYJ > NYG > LAC > SEA,2013–
Irv Smith Sr.,TE,1995,Notre Dame,NO > SF > CLE,1993–1999
Jonnu Smith,TE,2024,Florida International,TEN > NE > ATL > MIA,2017–
Rod Smith,WR,"2000,2001,2005",MO Southern State,DEN,1995–2006
Steve Smith Sr.,WR,"2001,2005,2006,2008,2011",Utah,CAR > BAL,2001–2016
Steve Smith,WR,2009,Southern Cal,NYG > PHI > STL,2007–2012
JuJu Smith-Schuster,WR,2018,Southern Cal,PIT > KC > NE,2017–
C.J. Spiller,RB,2012,Clemson,BUF > NO > SEA > NYJ > KC,2010–2017
Darren Sproles,RB,"2014,2015,2016",Kansas State,SD > NO > PHI,2005–2019
Amon-Ra St. Brown,WR,"2022,2023,2024",Southern Cal,DET,2021–
Matthew Stafford,QB,"2014,2021,2023",Georgia,DET > LAR,2009–
Kordell Stewart,QB,2001,Colorado,PIT > CHI > BAL,1995–2005
James Stewart,RB,2000,Tennessee,JAX > DET,1995–2002
Jonathan Stewart,RB,2015,Oregon,CAR > NYG,2008–2018
Courtland Sutton,WR,2019,SMU,DEN,2018–
C.J. Stroud,QB,"2023,2024",Ohio State,HOU,2023–
Tua Tagovailoa,QB,2023,Alabama,MIA,2020–
Ryan Tannehill,QB,2019,Texas A&M,MIA > TEN,2012–2023
Golden Tate,WR,2014,Notre Dame,SEA > DET > PHI > NYG,2010–2020
Fred Taylor,RB,2007,Florida,JAX > NE,1998–2010
Jonathan Taylor,RB,2021,Wisconsin,IND,2020–
Tyrod Taylor,QB,2015,Virginia Tech,BAL > BUF > CLE > LAC > HOU > NYG > NYJ,2011–
Vinny Testaverde,QB,"1996,1998",Miami,TB > CLE > BAL > NYJ > DAL > NE > CAR,1987–2007
Adam Thielen,WR,"2017,2018",Minnesota State,MIN > CAR,2014–
Anthony Thomas,RB,2001,Michigan,CHI > DAL > NO > BUF,2001–2007
Demaryius Thomas,WR,"2012,2013,2014,2016",Georgia Tech,DEN > HOU > NYJ,2010–2019
Julius Thomas,TE,"2013,2014",Portland State,DEN > JAX > MIA,2011–2017
Michael Thomas,WR,"2017,2018,2019",Ohio State,NO,2016–
Thurman Thomas,RB,"1990,1991,1992,1993,1994",Oklahoma State,BUF > MIA,1988–2000
LaDainian Tomlinson,RB,"2002,2004,2005,2006,2007",TCU,SD > NYJ,2001–2011
Amani Toomer,WR,2002,Michigan,NYG,1996–2008
Mitch Trubisky,QB,2018,North Carolina,CHI > BUF > PIT,2017–
Michael Turner,RB,"2008,2010",Northern Illinois,SD > ATL,2004–2012
David Tyree,WR,2005,Syracuse,NYG > BAL,2003–2009
Ben Utecht,TE,2006,Minnesota,IND > CIN,2004–2009
Shane Vereen,RB,2014,Cal,NE > NYG,2011–2017
Michael Vick,QB,"2002,2004,2005,2010",Virginia Tech,ATL > PHI > NYJ > PIT,2001–2015
Justin Vincent,RB,2003,LSU,ATL,2007–2007
Jaylen Waddle,WR,"2022,2024,2025",Alabama,MIA,2021–
Delanie Walker,TE,"2015,2016,2017",Central Missouri,SF > TEN,2006–2019
Herschel Walker,RB,1990,Georgia,DAL > MIN > PHI > NYG,1986–1997
Mike Wallace,WR,2011,Ole Miss,PIT > MIA > MIN > BAL > PHI,2009–2018
Wesley Walls,TE,"1996,1997,1998,1999,2001",Ole Miss,SF > NO > CAR > GB,1989–2003
Hines Ward,WR,"2001,2002,2003,2004",Georgia,PIT,1998–2011
Kurt Warner,QB,"1999,2000,2001,2008",Northern Iowa,STL > NYG > ARI,1998–2009
Chris Warren,RB,"1994,1995,1996",Ferrum,SEA > DAL > PHI,1990–2000
Leon Washington,RB/RS,"2008,2012",Florida State,NYJ > SEA > NE > TEN,2006–2014
Sammy Watkins,WR,2015,Clemson,BUF > LAR > KC > BAL > GB,2014–2022
Deshaun Watson,QB,"2018,2019,2020",Clemson,HOU > CLE,2017–
Ricky Watters,RB,"1992,1993,1994,1995,1996",Notre Dame,SF > PHI > SEA,1992–2001
Reggie Wayne,WR,"2006,2007,2008,2009,2010,2012",Miami,IND,2001–2014
Carson Wentz,QB,2017,North Dakota State,PHI > IND > WAS > LAR > KC,2016–
Brian Westbrook,RB,"2004,2007",Villanova,PHI > SF,2002–2010
James White,RB,2019,Wisconsin,NE,2014–2021
Roddy White,WR,"2008,2009,2010,2011",UAB,ATL,2005–2015
Damien Williams,RB,2019,Oklahoma,MIA > KC > CHI > ATL > ARI,2014–
DeAngelo Williams,RB,2009,Memphis,CAR > PIT,2006–2016
Harvey Williams,RB,"1994,1995",LSU,KC > OAK,1991–1998
Jamaal Williams,RB,2022,BYU,GB > DET > NO,2017–
Javonte Williams,RB,2021,North Carolina,DEN,2021–
Kyren Williams,RB,2023,Notre Dame,LAR,2022–
Ricky Williams,RB,2002,Texas,NO > MIA > BAL,1999–2011
Malik Willis,QB,2025,Liberty,TEN > GB,2022–
Garrett Wilson,WR,"2022,2024",Ohio State,NYJ,2022–
Russell Wilson,QB,"2012,2013,2015,2017,2018,2019,2020,2021,2024",Wisconsin,SEA > DEN > PIT,2012–
Jameis Winston,QB,2015,Florida State,TB > NO > CLE,2015–
Jason Witten,TE,"2004–2010,2012,2013,2014,2017",Tennessee,DAL > LV,2003–2020
Steve Young,QB,"1992,1993,1994,1995,1996,1997,1998",BYU,TB > SF,1985–1999
Vince Young,QB,"2006,2009",Texas,TEN > PHI,2006–2011
Amos Zereoue,RB,2001,West Virginia,PIT > OAK > NE,1999–2005
Bruce Smith,DE,"1987-1998, 2000",Virginia Tech,BUF > WAS,1985-2003
Reggie White,DE,1986-1998,Tennessee,PHI > GB > CAR,1985-2000
J.J. Watt,DE,"2012-2015, 2018",Wisconsin,HOU > ARI,2011-2022
Aaron Donald,DT,2014-2023,Pittsburgh,LAR,2014-2023
Michael Strahan,DE,"1997-1999, 2001-2005",Texas Southern,NYG,1993-2007
Warren Sapp,DT,1997-2003,Miami,TB > OAK,1995-2007
Jason Taylor,DE,"2000, 2002, 2004-2007",Akron,MIA > WAS > MIA > NYJ > MIA,1997-2011
John Randle,DT,"1993-1998, 2001",Texas A&I,MIN > SEA,1990-2003
Julius Peppers,DE,"2004-2006, 2008-2012, 2015",North Carolina,CAR > CHI > GB > CAR,2002-2018
Chris Jones,DT,2019-2025,Mississippi St,KC,2016-
Myles Garrett,DE,"2018, 2020-2025",Texas A&M,CLE,2017-
Nick Bosa,DE,"2019, 2021-2025",Ohio State,SF,2019-
Maxx Crosby,DE,2021-2025,Eastern Mich,LV,2019-
Ndamukong Suh,DT,"2010, 2012-2014, 2016",Nebraska,DET > MIA > LAR > TB > PHI,2010-2022
Richard Seymour,DT,"2002-2006, 2010-2011",Georgia,NE > OAK,2001-2012
Ray Lewis,LB,"1997-2001, 2003-2004, 2007-2011",Miami,BAL,1996-2012
Derrick Brooks,LB,"1997-2006, 2008",Florida State,TB,1995-2008
Brian Urlacher,LB,"2000-2003, 2005-2006, 2010-2011",New Mexico,CHI,2000-2012
Junior Seau,LB,1991-2002,USC,SD > MIA > NE,1990-2009
Bobby Wagner,LB,"2014-2021, 2023-2024",Utah State,SEA > LAR > SEA > WAS,2012-
Luke Kuechly,LB,2013-2019,Boston College,CAR,2012-2019
Von Miller,LB,"2011-2012, 2014-2019",Texas A&M,DEN > LAR > BUF,2011-
T.J. Watt,LB,2018-2025,Wisconsin,PIT,2017-
Fred Warner,LB,"2020, 2022-2025",BYU,SF,2018-
Khalil Mack,LB,"2015-2021, 2023",Buffalo,OAK > CHI > LAC,2014-
Terrell Suggs,LB,"2004, 2006, 2008, 2010-2011, 2013, 2017",Arizona State,BAL > ARI > KC,2003-2019
London Fletcher,LB,2009-2012,John Carroll,STL > BUF > WAS,1998-2013
Patrick Willis,LB,2007-2013,Ole Miss,SF,2007-2014
Roquan Smith,LB,2022-2025,Georgia,CHI > BAL,2018-
Zach Thomas,LB,"1999-2003, 2005-2006",Texas Tech,MIA > DAL,1996-2008
Deion Sanders,CB,"1991-1994, 1996-1999",Florida State,ATL > SF > DAL > WAS > BAL,1989-2005
Ed Reed,S,"2003-2004, 2006-2012",Miami,BAL > HOU > NYJ,2002-2013
Charles Woodson,CB/S,"1998-2001, 2008-2011, 2015",Michigan,OAK > GB > OAK,1998-2015
Troy Polamalu,S,"2004-2008, 2010-2011, 2013",USC,PIT,2003-2014
Darrelle Revis,CB,"2008-2011, 2013-2015",Pittsburgh,NYJ > TB > NE > NYJ > KC,2007-2017
Champ Bailey,CB,"2000-2007, 2009-2012",Georgia,WAS > DEN,1999-2013
Brian Dawkins,S,"1999, 2001-2002, 2004-2006, 2008-2009, 2011",Clemson,PHI > DEN,1996-2011
Richard Sherman,CB,"2013-2016, 2019",Stanford,SEA > SF > TB,2011-2021
Jalen Ramsey,CB,2017-2023,Florida State,JAX > LAR > MIA,2016-
Sauce Gardner,CB,2022-2025,Cincinnati,NYJ,2022-
Patrick Surtain II,CB,2022-2025,Alabama,DEN,2021-
Harrison Smith,S,"2015-2019, 2021",Notre Dame,MIN,2012-
Stephon Gilmore,CB,"2016, 2018-2021",South Carolina,BUF > NE > CAR > IND > DAL > MIN,2012-
Minkah Fitzpatrick,S,"2019-2020, 2022-2023",Alabama,MIA > PIT,2018-
Earl Thomas,S,"2011-2015, 2017, 2019",Texas,SEA > BAL,2010-2019
Jared Allen,DE,"2007-2009, 2011-2012",Idaho State,KC > MIN > CHI > CAR,2004-2015
John Abraham,DE/LB,"2001-2002, 2004, 2010, 2013",South Carolina,NYJ > ATL > ARI,2000-2014
Dwight Freeney,DE,"2003-2005, 2008-2011",Syracuse,IND > SD > ARI > ATL > SEA > DET,2002-2017
Robert Mathis,DE,2008-2013,Alabama A&M,IND,2003-2016
Danielle Hunter,DE,"2018-2019, 2022-2023",LSU,MIN > HOU,2015-
Trey Hendrickson,DE,2021-2025,Florida Atlantic,NO > CIN,2017-
Josh Hines-Allen,DE,"2019, 2023",Kentucky,JAX,2019-
Haason Reddick,EDGE,2022-2023,Temple,ARI > CAR > PHI > NYJ > DET,2017-
Aidan Hutchinson,DE,"2023, 2025",Michigan,DET,2022-
Cameron Jordan,DE,"2013, 2015, 2017-2022",Cal,NO,2011-
Justin Houston,LB/DE,2012-2015,Georgia,KC > IND > BAL > CAR > MIA,2011-2023
Joey Bosa,DE,"2017, 2019-2021",Ohio State,LAC,2016-
Frank Clark,DE,2019-2021,Michigan,SEA > KC > DEN > SEA,2015-2023
Sam Adams,DT,"2000-2001, 2004",Texas A&M,SEA > BAL > OAK > BUF > CIN > DEN,1994-2007
Geno Atkins,DT,"2011-2012, 2014-2019",Georgia,CIN,2010-2020
Vince Wilfork,DT,"2007, 2009-2012",Miami,NE > HOU,2004-2016
Jonathan Allen,DT,2021-2022,Alabama,WAS,2017-
Dexter Lawrence,DT,2022-2025,Clemson,NYG,2019-
Quinnen Williams,DT,2022-2024,Alabama,NYJ,2019-
Chris Hovan,DT,2002,Boston College,MIN > TB,2000-2009
Haloti Ngata,DT,2009-2013,Oregon,BAL > DET > PHI,2006-2018
Cameron Heyward,DT,2017-2022,Ohio State,PIT,2011-
DeForest Buckner,DT,"2018, 2021, 2023",Oregon,SF > IND,2016-
Daron Payne,DT,2022,Alabama,WAS,2018-
London Fletcher,LB,2009-2012,John Carroll,STL > BUF > WAS,1998-2013
Lavonte David,LB,2015,Nebraska,TB,2012-
Patrick Queen,LB,2023,LSU,BAL > PIT,2020-
C.J. Mosley,LB,"2014, 2016-2018, 2022",Alabama,BAL > NYJ,2014-
Demario Davis,LB,2022-2023,Arkansas St,NYJ > CLE > NYJ > NO,2012-
Clay Matthews III,LB,"2009-2012, 2014-2015",USC,GB > LAR,2009-2019
NaVorro Bowman,LB,"2012-2013, 2015",Penn State,SF > OAK,2010-2017
Shaquille Leonard,LB,2018-2021,S.C. State,IND > PHI,2018-2023
Thomas Davis,LB,2015-2017,Georgia,CAR > LAC > WAS,2005-2020
Sean Lee,LB,2015-2016,Penn State,DAL,2010-2020
Quincy Williams,LB,2024,Murray State,JAX > NYJ,2019-
Eric Allen,CB,"1989, 1991-1995",Arizona St,PHI > NO > OAK,1988-2001
Asante Samuel,CB,2007-2010,UCF,NE > PHI > ATL,2003-2013
Ronde Barber,CB,"2001, 2004-2006, 2008",Virginia,TB,1997-2012
Aqib Talib,CB,2013-2017,Kansas,TB > NE > DEN > LAR,2008-2019
Darius Slay,CB,"2017-2019, 2021-2024",Miss. State,DET > PHI,2013-
Jaire Alexander,CB,"2020, 2022",Louisville,GB,2018-
Denzel Ward,CB,"2018, 2021, 2023-2025",Ohio State,CLE,2018-
Jaylon Johnson,CB,"2023, 2025",Utah,CHI,2020-
Xavien Howard,CB,"2018, 2020-2022",Baylor,MIA,2016-2023
Kam Chancellor,S,"2011, 2013-2015",Virginia Tech,SEA,2010-2017
Tyrann Mathieu,S,"2015, 2020-2021",LSU,ARI > HOU > KC > NO,2013-
Malcolm Jenkins,S,"2015, 2017-2018",Ohio State,NO > PHI > NO,2009-2021
Derwin James,S,"2018, 2021-2022",Florida St,LAC,2018-
Kyle Hamilton,S,"2023, 2025",Notre Dame,BAL,2022-
Budda Baker,S,"2017, 2019-2025",Washington,ARI,2017-